{"cameraMode":{"drawMode":0,"name":"Shaded","section":"Shading Mode"},"sceneLighting":false,"audioPlay":false,"sceneViewState":{"showFog":true,"showMaterialUpdate":false,"showSkybox":true,"showFlares":true,"showImageEffects":true,"showParticleSystems":true},"in2DMode":false,"pivot":{"x":-0.7467694282531738,"y":5.042233943939209,"z":-1.9115800857543946},"rotation":{"x":0.1121169850230217,"y":-0.7469890117645264,"z":0.13037145137786866,"w":0.642215371131897},"size":30.31450080871582,"orthographic":false}