{"cameraMode":{"drawMode":0,"name":"Shaded","section":"Shading Mode"},"sceneLighting":false,"audioPlay":false,"sceneViewState":{"showFog":true,"showMaterialUpdate":false,"showSkybox":true,"showFlares":true,"showImageEffects":true,"showParticleSystems":true},"in2DMode":false,"pivot":{"x":7.271335601806641,"y":-4.049518585205078,"z":4.5979509353637699},"rotation":{"x":0.26440370082855227,"y":-0.21668455004692079,"z":0.06106859818100929,"w":0.9377682209014893},"size":41.52680206298828,"orthographic":false}