{"cameraMode":{"drawMode":0,"name":"Shaded","section":"Shading Mode"},"sceneLighting":false,"audioPlay":false,"sceneViewState":{"showFog":true,"showMaterialUpdate":false,"showSkybox":true,"showFlares":true,"showImageEffects":true,"showParticleSystems":true},"in2DMode":false,"pivot":{"x":9.095202445983887,"y":1.2549543380737305,"z":-3.5582714080810549},"rotation":{"x":-0.3106316030025482,"y":0.11567555367946625,"z":-0.038117002695798877,"w":-0.9426952600479126},"size":21.660472869873048,"orthographic":false}