{"cameraMode":{"drawMode":0,"name":"Shaded","section":"Shading Mode"},"sceneLighting":false,"audioPlay":false,"sceneViewState":{"showFog":true,"showMaterialUpdate":false,"showSkybox":true,"showFlares":true,"showImageEffects":true,"showParticleSystems":true},"in2DMode":false,"pivot":{"x":18.326366424560548,"y":1.420636534690857,"z":9.431558609008789},"rotation":{"x":0.41319140791893008,"y":-0.036030564457178119,"z":0.016337396577000619,"w":0.9097844362258911},"size":193.5588836669922,"orthographic":false}