{"cameraMode":{"drawMode":0,"name":"Shaded","section":"Shading Mode"},"sceneLighting":false,"audioPlay":false,"sceneViewState":{"showFog":true,"showMaterialUpdate":false,"showSkybox":true,"showFlares":true,"showImageEffects":true,"showParticleSystems":true},"in2DMode":false,"pivot":{"x":149.54312133789063,"y":177.06503295898438,"z":6.179296016693115},"rotation":{"x":0.21842889487743379,"y":0.40249574184417727,"z":-0.09954656660556793,"w":0.8833892345428467},"size":527.1832885742188,"orthographic":false}