{"cameraMode":{"drawMode":0,"name":"Shaded","section":"Shading Mode"},"sceneLighting":false,"audioPlay":false,"sceneViewState":{"showFog":true,"showMaterialUpdate":false,"showSkybox":true,"showFlares":true,"showImageEffects":true,"showParticleSystems":true},"in2DMode":false,"pivot":{"x":1.0722389221191407,"y":3.8056209087371828,"z":3.15238356590271},"rotation":{"x":0.0018117957515642048,"y":-0.9845339059829712,"z":0.17489594221115113,"w":0.010062732733786106},"size":31.351613998413087,"orthographic":false}