{"cameraMode":{"drawMode":0,"name":"Shaded","section":"Shading Mode"},"sceneLighting":false,"audioPlay":false,"sceneViewState":{"showFog":true,"showMaterialUpdate":false,"showSkybox":true,"showFlares":true,"showImageEffects":true,"showParticleSystems":true},"in2DMode":false,"pivot":{"x":0.6143605709075928,"y":0.9776997566223145,"z":2.903244972229004},"rotation":{"x":-0.13471321761608125,"y":-0.8596176505088806,"z":0.39758366346359255,"w":-0.29126793146133425},"size":17.528087615966798,"orthographic":false}