{"cameraMode":{"drawMode":0,"name":"Shaded","section":"Shading Mode"},"sceneLighting":false,"audioPlay":false,"sceneViewState":{"showFog":true,"showMaterialUpdate":false,"showSkybox":true,"showFlares":true,"showImageEffects":true,"showParticleSystems":true},"in2DMode":false,"pivot":{"x":8.662396430969239,"y":-2.4107165336608888,"z":-3.401564359664917},"rotation":{"x":-0.24906735122203828,"y":-0.10379060357809067,"z":0.026871666312217714,"w":-0.9625335931777954},"size":15.447774887084961,"orthographic":false}